Unix Epoch time, Block number
1597211409, 10643305
1599854400, 10842642
1602446400, 11036288
1605038400, 11231800
1607630400, 11427205
1610222400, 11622597
1612814400, 11817799
1615406400, 12012834
1617998400, 12207711
1620590400, 12402184
1623182400, 12595908
1625774400, 12788732
1628366400, 12979995
1630958400, 13174201
1633550400, 13367434
1636142400, 13558613
1638734400, 13747983
1641326400, 13940987
1643918400, 14135067
1646510400, 14328925
1649102400, 14521523
1651694400, 14712915
1654286400, 14899057
1656878400, 15071619
1659470400, 15265110
1662062400, 15454819
1664654400, 15655543
1667246400, 15870287
1669838400, 16085047
1672430400, 16299828
1675022400, 16514721
1677614400, 16728891
1680206400, 16942292
1682798400, 17153972
1685390400, 17366875
1687982400, 17580058
1690574400, 17793790
1693166400, 18008240
1695758400, 18222190
1698350400, 18436632
1700942400, 18650949
1703534400, 18864973
1703966400, 18900569
1706644800, 19121565
1709150400, 19328268
1711828800, 19548997